Workbook

Sheet Project Report
A1: Material Purchase Report
A2: Customer Name:
A3: Job Name:
A4: Job Tier:
A5: Job Start Date:
A6: Job End Date:
A8: Category | B8: Estimated | C8: Actual Cost | D8: Total SqF | E8: Cost Per SqF
A9: Siding Lap | C9: =Calcs!K3
A10: Siding B&B | C10: =Calcs!L4
A11: Siding Total | C11: =SUM(Calcs!J3:J5)
A12: Metal | C12: =Calcs!J7
A13: Masonry | C13: =Calcs!J8
A14: Vinyl | C14: =Calcs!J9
A15: Vinyl Accessories | C15: =Calcs!J10
A16: Stucco | C16: =Calcs!J11
A17: Soffit & Fascia | C17: =Calcs!J12
A19: Quick Notes
D20: Total Cost | E20: =SUM(C11:C17)

Sheet Calcs
A1: Category | C1: Invoiced | D1: Sales Tax | E1: Shipping Cost | F1: Total Cost | G1: Ratios | I1: Totals
F2: =SUM(C2:E2)
F3: =SUM(C3:E3) | I3: Siding Lap | J3: =SUMIF(A:A, I3, F:F) | K3: =J3+(J5/2)
F4: =SUM(C4:E4) | I4: Siding B&B | J4: =SUMIF(A:A, I4, F:F) | K4: =J4+(J5/2) | L4: =K4-J6
F5: =SUM(C5:E5) | I5: Siding Flashing | J5: =SUMIF(A:A, I5, F:F)
F6: =SUM(C6:E6) | I6: Beam/Post/Garage Wrap | J6: =SUMIF(A:A, I6, F:F)
F7: =SUM(C7:E7) | I7: Metal | J7: =SUMIF(A:A, I7, F:F)
F8: =SUM(C8:E8) | I8: Masonry | J8: =SUMIF(A:A, I8, F:F)
F9: =SUM(C9:E9) | I9: Vinyl | J9: =SUMIF(A:A, I9, F:F)
F10: =SUM(C10:E10) | I10: Vinyl Accessories | J10: =SUMIF(A:A, I10, F:F)
F11: =SUM(C11:E11) | I11: Stucco | J11: =SUMIF(A:A, I11, F:F)
F12: =SUM(C12:E12) | I12: Soffit & Fascia | J12: =SUMIF(A:A, I12, F:F)
F13: =SUM(C13:E13)
F14: =SUM(C14:E14)
F15: =SUM(C15:E15)
F16: =SUM(C16:E16)
F17: =SUM(C17:E17)
F18: =SUM(C18:E18)
F19: =SUM(C19:E19)
F20: =SUM(C20:E20)
F21: =SUM(C21:E21)
F22: =SUM(C22:E22)
F23: =SUM(C23:E23)
F24: =SUM(C24:E24)
... F30: =SUM(C30:E30)
